[{"model": "contenttypes.contenttype", "pk": 1, "fields": {"app_label": "admin", "model": "logentry"}}, {"model": "contenttypes.contenttype", "pk": 2, "fields": {"app_label": "auth", "model": "permission"}}, {"model": "contenttypes.contenttype", "pk": 3, "fields": {"app_label": "auth", "model": "group"}}, {"model": "contenttypes.contenttype", "pk": 4, "fields": {"app_label": "auth", "model": "user"}}, {"model": "contenttypes.contenttype", "pk": 5, "fields": {"app_label": "contenttypes", "model": "contenttype"}}, {"model": "contenttypes.contenttype", "pk": 6, "fields": {"app_label": "sessions", "model": "session"}}, {"model": "contenttypes.contenttype", "pk": 7, "fields": {"app_label": "boards", "model": "board"}}, {"model": "contenttypes.contenttype", "pk": 8, "fields": {"app_label": "boards", "model": "post"}}, {"model": "contenttypes.contenttype", "pk": 9, "fields": {"app_label": "boards", "model": "topic"}}, {"model": "sessions.session", "pk": "8apabtykz2ie2bopd21jjyi4nw1cx94q", "fields": {"session_data": "ZWNjNDVlYjYxNDcwMjAwNzFlOWM2Yzk0YTc1OThkY2U1ZGI1MmVmYTp7Il9hdXRoX3VzZXJfaWQiOiIzIiwiX2F1dGhfdXNlcl9iYWNrZW5kIjoiZGphbmdvLmNvbnRyaWIuYXV0aC5iYWNrZW5kcy5Nb2RlbEJhY2tlbmQiLCJfYXV0aF91c2VyX2hhc2giOiJlYzZlNGEyOWIyMGU0MzlhZDFiMzdhNDA1MThiNWIwNDg3YzJmNWYxIiwidmlld2VkX3RvcGljXzEwNCI6dHJ1ZSwidmlld2VkX3RvcGljXzEwNSI6dHJ1ZSwidmlld2VkX3RvcGljXzIiOnRydWV9", "expire_date": "2018-07-18T16:02:08.781Z"}}, {"model": "sessions.session", "pk": "q8on23m3f0p1r1aij75a9y7ms7noyhjf", "fields": {"session_data": "ODNlM2FkOGY1M2RjOTJiMWQ4ODFlMzUyMGJmNGEyOGMxYWMyY2FlZDp7Il9hdXRoX3VzZXJfaWQiOiIyIiwiX2F1dGhfdXNlcl9iYWNrZW5kIjoiZGphbmdvLmNvbnRyaWIuYXV0aC5iYWNrZW5kcy5Nb2RlbEJhY2tlbmQiLCJfYXV0aF91c2VyX2hhc2giOiI1OWZjYmM1YWNlZTQ4NTdhZGE2ZDRhMGM2NjZmMmNkYjhmZDUzMTIxIn0=", "expire_date": "2018-07-16T15:42:12.126Z"}}, {"model": "boards.board", "pk": 1, "fields": {"name": "Django", "description": "Discussion Django"}}, {"model": "boards.board", "pk": 2, "fields": {"name": "Python", "description": "Discussion about Python"}}, {"model": "boards.board", "pk": 3, "fields": {"name": "Random", "description": "Discuss about anything"}}, {"model": "auth.permission", "pk": 1, "fields": {"name": "Can add log entry", "content_type": 1, "codename": "add_logentry"}}, {"model": "auth.permission", "pk": 2, "fields": {"name": "Can change log entry", "content_type": 1, "codename": "change_logentry"}}, {"model": "auth.permission", "pk": 3, "fields": {"name": "Can delete log entry", "content_type": 1, "codename": "delete_logentry"}}, {"model": "auth.permission", "pk": 4, "fields": {"name": "Can add permission", "content_type": 2, "codename": "add_permission"}}, {"model": "auth.permission", "pk": 5, "fields": {"name": "Can change permission", "content_type": 2, "codename": "change_permission"}}, {"model": "auth.permission", "pk": 6, "fields": {"name": "Can delete permission", "content_type": 2, "codename": "delete_permission"}}, {"model": "auth.permission", "pk": 7, "fields": {"name": "Can add group", "content_type": 3, "codename": "add_group"}}, {"model": "auth.permission", "pk": 8, "fields": {"name": "Can change group", "content_type": 3, "codename": "change_group"}}, {"model": "auth.permission", "pk": 9, "fields": {"name": "Can delete group", "content_type": 3, "codename": "delete_group"}}, {"model": "auth.permission", "pk": 10, "fields": {"name": "Can add user", "content_type": 4, "codename": "add_user"}}, {"model": "auth.permission", "pk": 11, "fields": {"name": "Can change user", "content_type": 4, "codename": "change_user"}}, {"model": "auth.permission", "pk": 12, "fields": {"name": "Can delete user", "content_type": 4, "codename": "delete_user"}}, {"model": "auth.permission", "pk": 13, "fields": {"name": "Can add content type", "content_type": 5, "codename": "add_contenttype"}}, {"model": "auth.permission", "pk": 14, "fields": {"name": "Can change content type", "content_type": 5, "codename": "change_contenttype"}}, {"model": "auth.permission", "pk": 15, "fields": {"name": "Can delete content type", "content_type": 5, "codename": "delete_contenttype"}}, {"model": "auth.permission", "pk": 16, "fields": {"name": "Can add session", "content_type": 6, "codename": "add_session"}}, {"model": "auth.permission", "pk": 17, "fields": {"name": "Can change session", "content_type": 6, "codename": "change_session"}}, {"model": "auth.permission", "pk": 18, "fields": {"name": "Can delete session", "content_type": 6, "codename": "delete_session"}}, {"model": "auth.permission", "pk": 19, "fields": {"name": "Can add board", "content_type": 7, "codename": "add_board"}}, {"model": "auth.permission", "pk": 20, "fields": {"name": "Can change board", "content_type": 7, "codename": "change_board"}}, {"model": "auth.permission", "pk": 21, "fields": {"name": "Can delete board", "content_type": 7, "codename": "delete_board"}}, {"model": "auth.permission", "pk": 22, "fields": {"name": "Can add post", "content_type": 8, "codename": "add_post"}}, {"model": "auth.permission", "pk": 23, "fields": {"name": "Can change post", "content_type": 8, "codename": "change_post"}}, {"model": "auth.permission", "pk": 24, "fields": {"name": "Can delete post", "content_type": 8, "codename": "delete_post"}}, {"model": "auth.permission", "pk": 25, "fields": {"name": "Can add topic", "content_type": 9, "codename": "add_topic"}}, {"model": "auth.permission", "pk": 26, "fields": {"name": "Can change topic", "content_type": 9, "codename": "change_topic"}}, {"model": "auth.permission", "pk": 27, "fields": {"name": "Can delete topic", "content_type": 9, "codename": "delete_topic"}}, {"model": "auth.user", "pk": 1, "fields": {"password": "pbkdf2_sha256$100000$2dNNa8t9M3K3$oXceI6I1qndSjWH8S5MIlw4wz6CVr4PvxfM6stTYVas=", "last_login": "2018-07-03T15:40:49.068Z", "is_superuser": true, "username": "admin", "first_name": "", "last_name": "", "email": "admin@mail.com", "is_staff": true, "is_active": true, "date_joined": "2018-07-02T10:17:02.578Z", "groups": [], "user_permissions": []}}, {"model": "auth.user", "pk": 2, "fields": {"password": "pbkdf2_sha256$100000$zdl04dhWeT6e$RmehbGgoGwhCwY35tzYt5uChI5lUMuS8tL7SAH8zQxo=", "last_login": "2018-07-02T15:42:11.996Z", "is_superuser": false, "username": "Dima", "first_name": "", "last_name": "", "email": "", "is_staff": false, "is_active": true, "date_joined": "2018-07-02T15:42:11.403Z", "groups": [], "user_permissions": []}}, {"model": "auth.user", "pk": 3, "fields": {"password": "pbkdf2_sha256$100000$zqvNF4jc2xXn$e+hb8hMeLviNmfK87J2VHiSYQI65bUVYIRybRKyqeT4=", "last_login": "2018-07-04T08:44:19.282Z", "is_superuser": false, "username": "dima", "first_name": "Dimasik", "last_name": "No", "email": "dim@gmail.com", "is_staff": false, "is_active": true, "date_joined": "2018-07-03T15:45:07.974Z", "groups": [], "user_permissions": []}}, {"model": "boards.topic", "pk": 1, "fields": {"subject": "Hellou", "last_updated": "2018-07-02T13:21:16.004Z", "board": 1, "starter": 1, "views": 0}}, {"model": "boards.topic", "pk": 2, "fields": {"subject": "Hellou2", "last_updated": "2018-07-02T14:42:04.209Z", "board": 1, "starter": 1, "views": 21}}, {"model": "boards.topic", "pk": 3, "fields": {"subject": "hellou", "last_updated": "2018-07-03T15:44:42.743Z", "board": 1, "starter": 1, "views": 0}}, {"model": "boards.topic", "pk": 4, "fields": {"subject": "de", "last_updated": "2018-07-03T15:45:18.234Z", "board": 1, "starter": 3, "views": 0}}, {"model": "boards.topic", "pk": 5, "fields": {"subject": "sdfffff", "last_updated": "2018-07-04T10:15:26.669Z", "board": 1, "starter": 3, "views": 0}}, {"model": "boards.topic", "pk": 6, "fields": {"subject": "Topic test0", "last_updated": "2018-07-04T11:33:39.177Z", "board": 1, "starter": 1, "views": 0}}, {"model": "boards.topic", "pk": 7, "fields": {"subject": "Topic test1", "last_updated": "2018-07-04T11:33:39.227Z", "board": 1, "starter": 1, "views": 0}}, {"model": "boards.topic", "pk": 8, "fields": {"subject": "Topic test2", "last_updated": "2018-07-04T11:33:39.273Z", "board": 1, "starter": 1, "views": 0}}, {"model": "boards.topic", "pk": 9, "fields": {"subject": "Topic test3", "last_updated": "2018-07-04T11:33:39.320Z", "board": 1, "starter": 1, "views": 0}}, {"model": "boards.topic", "pk": 10, "fields": {"subject": "Topic test4", "last_updated": "2018-07-04T11:33:39.366Z", "board": 1, "starter": 1, "views": 0}}, {"model": "boards.topic", "pk": 11, "fields": {"subject": "Topic test5", "last_updated": "2018-07-04T11:33:39.413Z", "board": 1, "starter": 1, "views": 0}}, {"model": "boards.topic", "pk": 12, "fields": {"subject": "Topic test6", "last_updated": "2018-07-04T11:33:39.459Z", "board": 1, "starter": 1, "views": 0}}, {"model": "boards.topic", "pk": 13, "fields": {"subject": "Topic test7", "last_updated": "2018-07-04T11:33:39.505Z", "board": 1, "starter": 1, "views": 0}}, {"model": "boards.topic", "pk": 14, "fields": {"subject": "Topic test8", "last_updated": "2018-07-04T11:33:39.552Z", "board": 1, "starter": 1, "views": 0}}, {"model": "boards.topic", "pk": 15, "fields": {"subject": "Topic test9", "last_updated": "2018-07-04T11:33:39.599Z", "board": 1, "starter": 1, "views": 0}}, {"model": "boards.topic", "pk": 16, "fields": {"subject": "Topic test10", "last_updated": "2018-07-04T11:33:39.646Z", "board": 1, "starter": 1, "views": 0}}, {"model": "boards.topic", "pk": 17, "fields": {"subject": "Topic test11", "last_updated": "2018-07-04T11:33:39.692Z", "board": 1, "starter": 1, "views": 0}}, {"model": "boards.topic", "pk": 18, "fields": {"subject": "Topic test12", "last_updated": "2018-07-04T11:33:39.738Z", "board": 1, "starter": 1, "views": 0}}, {"model": "boards.topic", "pk": 19, "fields": {"subject": "Topic test13", "last_updated": "2018-07-04T11:33:39.785Z", "board": 1, "starter": 1, "views": 0}}, {"model": "boards.topic", "pk": 20, "fields": {"subject": "Topic test14", "last_updated": "2018-07-04T11:33:39.831Z", "board": 1, "starter": 1, "views": 0}}, {"model": "boards.topic", "pk": 21, "fields": {"subject": "Topic test15", "last_updated": "2018-07-04T11:33:39.878Z", "board": 1, "starter": 1, "views": 0}}, {"model": "boards.topic", "pk": 22, "fields": {"subject": "Topic test16", "last_updated": "2018-07-04T11:33:39.923Z", "board": 1, "starter": 1, "views": 0}}, {"model": "boards.topic", "pk": 23, "fields": {"subject": "Topic test17", "last_updated": "2018-07-04T11:33:39.970Z", "board": 1, "starter": 1, "views": 0}}, {"model": "boards.topic", "pk": 24, "fields": {"subject": "Topic test18", "last_updated": "2018-07-04T11:33:40.015Z", "board": 1, "starter": 1, "views": 0}}, {"model": "boards.topic", "pk": 25, "fields": {"subject": "Topic test19", "last_updated": "2018-07-04T11:33:40.063Z", "board": 1, "starter": 1, "views": 0}}, {"model": "boards.topic", "pk": 26, "fields": {"subject": "Topic test20", "last_updated": "2018-07-04T11:33:40.110Z", "board": 1, "starter": 1, "views": 0}}, {"model": "boards.topic", "pk": 27, "fields": {"subject": "Topic test21", "last_updated": "2018-07-04T11:33:40.156Z", "board": 1, "starter": 1, "views": 0}}, {"model": "boards.topic", "pk": 28, "fields": {"subject": "Topic test22", "last_updated": "2018-07-04T11:33:40.206Z", "board": 1, "starter": 1, "views": 0}}, {"model": "boards.topic", "pk": 29, "fields": {"subject": "Topic test23", "last_updated": "2018-07-04T11:33:40.252Z", "board": 1, "starter": 1, "views": 0}}, {"model": "boards.topic", "pk": 30, "fields": {"subject": "Topic test24", "last_updated": "2018-07-04T11:33:40.304Z", "board": 1, "starter": 1, "views": 0}}, {"model": "boards.topic", "pk": 31, "fields": {"subject": "Topic test25", "last_updated": "2018-07-04T11:33:40.351Z", "board": 1, "starter": 1, "views": 0}}, {"model": "boards.topic", "pk": 32, "fields": {"subject": "Topic test26", "last_updated": "2018-07-04T11:33:40.397Z", "board": 1, "starter": 1, "views": 0}}, {"model": "boards.topic", "pk": 33, "fields": {"subject": "Topic test27", "last_updated": "2018-07-04T11:33:40.442Z", "board": 1, "starter": 1, "views": 0}}, {"model": "boards.topic", "pk": 34, "fields": {"subject": "Topic test28", "last_updated": "2018-07-04T11:33:40.489Z", "board": 1, "starter": 1, "views": 0}}, {"model": "boards.topic", "pk": 35, "fields": {"subject": "Topic test29", "last_updated": "2018-07-04T11:33:40.536Z", "board": 1, "starter": 1, "views": 0}}, {"model": "boards.topic", "pk": 36, "fields": {"subject": "Topic test30", "last_updated": "2018-07-04T11:33:40.584Z", "board": 1, "starter": 1, "views": 0}}, {"model": "boards.topic", "pk": 37, "fields": {"subject": "Topic test31", "last_updated": "2018-07-04T11:33:40.630Z", "board": 1, "starter": 1, "views": 0}}, {"model": "boards.topic", "pk": 38, "fields": {"subject": "Topic test32", "last_updated": "2018-07-04T11:33:40.676Z", "board": 1, "starter": 1, "views": 0}}, {"model": "boards.topic", "pk": 39, "fields": {"subject": "Topic test33", "last_updated": "2018-07-04T11:33:40.725Z", "board": 1, "starter": 1, "views": 0}}, {"model": "boards.topic", "pk": 40, "fields": {"subject": "Topic test34", "last_updated": "2018-07-04T11:33:40.772Z", "board": 1, "starter": 1, "views": 0}}, {"model": "boards.topic", "pk": 41, "fields": {"subject": "Topic test35", "last_updated": "2018-07-04T11:33:40.818Z", "board": 1, "starter": 1, "views": 0}}, {"model": "boards.topic", "pk": 42, "fields": {"subject": "Topic test36", "last_updated": "2018-07-04T11:33:40.863Z", "board": 1, "starter": 1, "views": 0}}, {"model": "boards.topic", "pk": 43, "fields": {"subject": "Topic test37", "last_updated": "2018-07-04T11:33:40.911Z", "board": 1, "starter": 1, "views": 0}}, {"model": "boards.topic", "pk": 44, "fields": {"subject": "Topic test38", "last_updated": "2018-07-04T11:33:40.958Z", "board": 1, "starter": 1, "views": 0}}, {"model": "boards.topic", "pk": 45, "fields": {"subject": "Topic test39", "last_updated": "2018-07-04T11:33:41.006Z", "board": 1, "starter": 1, "views": 0}}, {"model": "boards.topic", "pk": 46, "fields": {"subject": "Topic test40", "last_updated": "2018-07-04T11:33:41.052Z", "board": 1, "starter": 1, "views": 0}}, {"model": "boards.topic", "pk": 47, "fields": {"subject": "Topic test41", "last_updated": "2018-07-04T11:33:41.099Z", "board": 1, "starter": 1, "views": 0}}, {"model": "boards.topic", "pk": 48, "fields": {"subject": "Topic test42", "last_updated": "2018-07-04T11:33:41.145Z", "board": 1, "starter": 1, "views": 0}}, {"model": "boards.topic", "pk": 49, "fields": {"subject": "Topic test43", "last_updated": "2018-07-04T11:33:41.195Z", "board": 1, "starter": 1, "views": 0}}, {"model": "boards.topic", "pk": 50, "fields": {"subject": "Topic test44", "last_updated": "2018-07-04T11:33:41.241Z", "board": 1, "starter": 1, "views": 0}}, {"model": "boards.topic", "pk": 51, "fields": {"subject": "Topic test45", "last_updated": "2018-07-04T11:33:41.288Z", "board": 1, "starter": 1, "views": 0}}, {"model": "boards.topic", "pk": 52, "fields": {"subject": "Topic test46", "last_updated": "2018-07-04T11:33:41.335Z", "board": 1, "starter": 1, "views": 0}}, {"model": "boards.topic", "pk": 53, "fields": {"subject": "Topic test47", "last_updated": "2018-07-04T11:33:41.386Z", "board": 1, "starter": 1, "views": 0}}, {"model": "boards.topic", "pk": 54, "fields": {"subject": "Topic test48", "last_updated": "2018-07-04T11:33:41.435Z", "board": 1, "starter": 1, "views": 0}}, {"model": "boards.topic", "pk": 55, "fields": {"subject": "Topic test49", "last_updated": "2018-07-04T11:33:41.483Z", "board": 1, "starter": 1, "views": 0}}, {"model": "boards.topic", "pk": 56, "fields": {"subject": "Topic test50", "last_updated": "2018-07-04T11:33:41.532Z", "board": 1, "starter": 1, "views": 0}}, {"model": "boards.topic", "pk": 57, "fields": {"subject": "Topic test51", "last_updated": "2018-07-04T11:33:41.578Z", "board": 1, "starter": 1, "views": 0}}, {"model": "boards.topic", "pk": 58, "fields": {"subject": "Topic test52", "last_updated": "2018-07-04T11:33:41.624Z", "board": 1, "starter": 1, "views": 0}}, {"model": "boards.topic", "pk": 59, "fields": {"subject": "Topic test53", "last_updated": "2018-07-04T11:33:41.671Z", "board": 1, "starter": 1, "views": 0}}, {"model": "boards.topic", "pk": 60, "fields": {"subject": "Topic test54", "last_updated": "2018-07-04T11:33:41.716Z", "board": 1, "starter": 1, "views": 0}}, {"model": "boards.topic", "pk": 61, "fields": {"subject": "Topic test55", "last_updated": "2018-07-04T11:33:41.763Z", "board": 1, "starter": 1, "views": 0}}, {"model": "boards.topic", "pk": 62, "fields": {"subject": "Topic test56", "last_updated": "2018-07-04T11:33:41.810Z", "board": 1, "starter": 1, "views": 0}}, {"model": "boards.topic", "pk": 63, "fields": {"subject": "Topic test57", "last_updated": "2018-07-04T11:33:41.856Z", "board": 1, "starter": 1, "views": 0}}, {"model": "boards.topic", "pk": 64, "fields": {"subject": "Topic test58", "last_updated": "2018-07-04T11:33:41.902Z", "board": 1, "starter": 1, "views": 0}}, {"model": "boards.topic", "pk": 65, "fields": {"subject": "Topic test59", "last_updated": "2018-07-04T11:33:41.947Z", "board": 1, "starter": 1, "views": 0}}, {"model": "boards.topic", "pk": 66, "fields": {"subject": "Topic test60", "last_updated": "2018-07-04T11:33:41.993Z", "board": 1, "starter": 1, "views": 0}}, {"model": "boards.topic", "pk": 67, "fields": {"subject": "Topic test61", "last_updated": "2018-07-04T11:33:42.040Z", "board": 1, "starter": 1, "views": 0}}, {"model": "boards.topic", "pk": 68, "fields": {"subject": "Topic test62", "last_updated": "2018-07-04T11:33:42.088Z", "board": 1, "starter": 1, "views": 0}}, {"model": "boards.topic", "pk": 69, "fields": {"subject": "Topic test63", "last_updated": "2018-07-04T11:33:42.134Z", "board": 1, "starter": 1, "views": 0}}, {"model": "boards.topic", "pk": 70, "fields": {"subject": "Topic test64", "last_updated": "2018-07-04T11:33:42.181Z", "board": 1, "starter": 1, "views": 0}}, {"model": "boards.topic", "pk": 71, "fields": {"subject": "Topic test65", "last_updated": "2018-07-04T11:33:42.227Z", "board": 1, "starter": 1, "views": 0}}, {"model": "boards.topic", "pk": 72, "fields": {"subject": "Topic test66", "last_updated": "2018-07-04T11:33:42.289Z", "board": 1, "starter": 1, "views": 0}}, {"model": "boards.topic", "pk": 73, "fields": {"subject": "Topic test67", "last_updated": "2018-07-04T11:33:42.343Z", "board": 1, "starter": 1, "views": 0}}, {"model": "boards.topic", "pk": 74, "fields": {"subject": "Topic test68", "last_updated": "2018-07-04T11:33:42.388Z", "board": 1, "starter": 1, "views": 0}}, {"model": "boards.topic", "pk": 75, "fields": {"subject": "Topic test69", "last_updated": "2018-07-04T11:33:42.434Z", "board": 1, "starter": 1, "views": 0}}, {"model": "boards.topic", "pk": 76, "fields": {"subject": "Topic test70", "last_updated": "2018-07-04T11:33:42.480Z", "board": 1, "starter": 1, "views": 0}}, {"model": "boards.topic", "pk": 77, "fields": {"subject": "Topic test71", "last_updated": "2018-07-04T11:33:42.534Z", "board": 1, "starter": 1, "views": 0}}, {"model": "boards.topic", "pk": 78, "fields": {"subject": "Topic test72", "last_updated": "2018-07-04T11:33:42.583Z", "board": 1, "starter": 1, "views": 0}}, {"model": "boards.topic", "pk": 79, "fields": {"subject": "Topic test73", "last_updated": "2018-07-04T11:33:42.632Z", "board": 1, "starter": 1, "views": 0}}, {"model": "boards.topic", "pk": 80, "fields": {"subject": "Topic test74", "last_updated": "2018-07-04T11:33:42.679Z", "board": 1, "starter": 1, "views": 0}}, {"model": "boards.topic", "pk": 81, "fields": {"subject": "Topic test75", "last_updated": "2018-07-04T11:33:42.721Z", "board": 1, "starter": 1, "views": 0}}, {"model": "boards.topic", "pk": 82, "fields": {"subject": "Topic test76", "last_updated": "2018-07-04T11:33:42.763Z", "board": 1, "starter": 1, "views": 0}}, {"model": "boards.topic", "pk": 83, "fields": {"subject": "Topic test77", "last_updated": "2018-07-04T11:33:42.806Z", "board": 1, "starter": 1, "views": 0}}, {"model": "boards.topic", "pk": 84, "fields": {"subject": "Topic test78", "last_updated": "2018-07-04T11:33:42.849Z", "board": 1, "starter": 1, "views": 0}}, {"model": "boards.topic", "pk": 85, "fields": {"subject": "Topic test79", "last_updated": "2018-07-04T11:33:42.893Z", "board": 1, "starter": 1, "views": 0}}, {"model": "boards.topic", "pk": 86, "fields": {"subject": "Topic test80", "last_updated": "2018-07-04T11:33:42.949Z", "board": 1, "starter": 1, "views": 0}}, {"model": "boards.topic", "pk": 87, "fields": {"subject": "Topic test81", "last_updated": "2018-07-04T11:33:42.991Z", "board": 1, "starter": 1, "views": 0}}, {"model": "boards.topic", "pk": 88, "fields": {"subject": "Topic test82", "last_updated": "2018-07-04T11:33:43.036Z", "board": 1, "starter": 1, "views": 0}}, {"model": "boards.topic", "pk": 89, "fields": {"subject": "Topic test83", "last_updated": "2018-07-04T11:33:43.082Z", "board": 1, "starter": 1, "views": 0}}, {"model": "boards.topic", "pk": 90, "fields": {"subject": "Topic test84", "last_updated": "2018-07-04T11:33:43.127Z", "board": 1, "starter": 1, "views": 0}}, {"model": "boards.topic", "pk": 91, "fields": {"subject": "Topic test85", "last_updated": "2018-07-04T11:33:43.173Z", "board": 1, "starter": 1, "views": 0}}, {"model": "boards.topic", "pk": 92, "fields": {"subject": "Topic test86", "last_updated": "2018-07-04T11:33:43.220Z", "board": 1, "starter": 1, "views": 0}}, {"model": "boards.topic", "pk": 93, "fields": {"subject": "Topic test87", "last_updated": "2018-07-04T11:33:43.270Z", "board": 1, "starter": 1, "views": 0}}, {"model": "boards.topic", "pk": 94, "fields": {"subject": "Topic test88", "last_updated": "2018-07-04T11:33:43.313Z", "board": 1, "starter": 1, "views": 0}}, {"model": "boards.topic", "pk": 95, "fields": {"subject": "Topic test89", "last_updated": "2018-07-04T11:33:43.356Z", "board": 1, "starter": 1, "views": 1}}, {"model": "boards.topic", "pk": 96, "fields": {"subject": "Topic test90", "last_updated": "2018-07-04T11:33:43.402Z", "board": 1, "starter": 1, "views": 0}}, {"model": "boards.topic", "pk": 97, "fields": {"subject": "Topic test91", "last_updated": "2018-07-04T11:33:43.450Z", "board": 1, "starter": 1, "views": 0}}, {"model": "boards.topic", "pk": 98, "fields": {"subject": "Topic test92", "last_updated": "2018-07-04T11:33:43.532Z", "board": 1, "starter": 1, "views": 0}}, {"model": "boards.topic", "pk": 99, "fields": {"subject": "Topic test93", "last_updated": "2018-07-04T11:33:43.577Z", "board": 1, "starter": 1, "views": 0}}, {"model": "boards.topic", "pk": 100, "fields": {"subject": "Topic test94", "last_updated": "2018-07-04T11:33:43.630Z", "board": 1, "starter": 1, "views": 0}}, {"model": "boards.topic", "pk": 101, "fields": {"subject": "Topic test95", "last_updated": "2018-07-04T11:33:43.676Z", "board": 1, "starter": 1, "views": 0}}, {"model": "boards.topic", "pk": 102, "fields": {"subject": "Topic test96", "last_updated": "2018-07-04T11:33:43.724Z", "board": 1, "starter": 1, "views": 0}}, {"model": "boards.topic", "pk": 103, "fields": {"subject": "Topic test97", "last_updated": "2018-07-04T11:33:43.771Z", "board": 1, "starter": 1, "views": 0}}, {"model": "boards.topic", "pk": 104, "fields": {"subject": "Topic test98", "last_updated": "2018-07-04T14:33:52.580Z", "board": 1, "starter": 1, "views": 6}}, {"model": "boards.topic", "pk": 105, "fields": {"subject": "Topic test99", "last_updated": "2018-07-05T09:06:05.019Z", "board": 1, "starter": 1, "views": 43}}, {"model": "boards.post", "pk": 1, "fields": {"message": "He", "topic": 1, "created_at": "2018-07-02T13:21:16.428Z", "updated_at": null, "created_by": 1, "updated_by": null}}, {"model": "boards.post", "pk": 2, "fields": {"message": "He he", "topic": 2, "created_at": "2018-07-02T14:42:04.560Z", "updated_at": null, "created_by": 1, "updated_by": null}}, {"model": "boards.post", "pk": 3, "fields": {"message": "asdasddasdsa", "topic": 3, "created_at": "2018-07-03T15:44:42.775Z", "updated_at": null, "created_by": 1, "updated_by": null}}, {"model": "boards.post", "pk": 4, "fields": {"message": "asddsad", "topic": 4, "created_at": "2018-07-03T15:45:18.261Z", "updated_at": null, "created_by": 3, "updated_by": null}}, {"model": "boards.post", "pk": 5, "fields": {"message": "He he he", "topic": 2, "created_at": "2018-07-04T09:38:34.376Z", "updated_at": "2018-07-04T11:12:13.709Z", "created_by": 3, "updated_by": 3}}, {"model": "boards.post", "pk": 6, "fields": {"message": "He he he he", "topic": 2, "created_at": "2018-07-04T09:39:17.727Z", "updated_at": "2018-07-04T11:12:05.568Z", "created_by": 3, "updated_by": 3}}, {"model": "boards.post", "pk": 7, "fields": {"message": "f", "topic": 5, "created_at": "2018-07-04T10:15:26.683Z", "updated_at": null, "created_by": 3, "updated_by": null}}, {"model": "boards.post", "pk": 8, "fields": {"message": "Lorem ipsum...", "topic": 6, "created_at": "2018-07-04T11:33:39.203Z", "updated_at": null, "created_by": 1, "updated_by": null}}, {"model": "boards.post", "pk": 9, "fields": {"message": "Lorem ipsum...", "topic": 7, "created_at": "2018-07-04T11:33:39.250Z", "updated_at": null, "created_by": 1, "updated_by": null}}, {"model": "boards.post", "pk": 10, "fields": {"message": "Lorem ipsum...", "topic": 8, "created_at": "2018-07-04T11:33:39.297Z", "updated_at": null, "created_by": 1, "updated_by": null}}, {"model": "boards.post", "pk": 11, "fields": {"message": "Lorem ipsum...", "topic": 9, "created_at": "2018-07-04T11:33:39.343Z", "updated_at": null, "created_by": 1, "updated_by": null}}, {"model": "boards.post", "pk": 12, "fields": {"message": "Lorem ipsum...", "topic": 10, "created_at": "2018-07-04T11:33:39.389Z", "updated_at": null, "created_by": 1, "updated_by": null}}, {"model": "boards.post", "pk": 13, "fields": {"message": "Lorem ipsum...", "topic": 11, "created_at": "2018-07-04T11:33:39.436Z", "updated_at": null, "created_by": 1, "updated_by": null}}, {"model": "boards.post", "pk": 14, "fields": {"message": "Lorem ipsum...", "topic": 12, "created_at": "2018-07-04T11:33:39.482Z", "updated_at": null, "created_by": 1, "updated_by": null}}, {"model": "boards.post", "pk": 15, "fields": {"message": "Lorem ipsum...", "topic": 13, "created_at": "2018-07-04T11:33:39.529Z", "updated_at": null, "created_by": 1, "updated_by": null}}, {"model": "boards.post", "pk": 16, "fields": {"message": "Lorem ipsum...", "topic": 14, "created_at": "2018-07-04T11:33:39.575Z", "updated_at": null, "created_by": 1, "updated_by": null}}, {"model": "boards.post", "pk": 17, "fields": {"message": "Lorem ipsum...", "topic": 15, "created_at": "2018-07-04T11:33:39.622Z", "updated_at": null, "created_by": 1, "updated_by": null}}, {"model": "boards.post", "pk": 18, "fields": {"message": "Lorem ipsum...", "topic": 16, "created_at": "2018-07-04T11:33:39.669Z", "updated_at": null, "created_by": 1, "updated_by": null}}, {"model": "boards.post", "pk": 19, "fields": {"message": "Lorem ipsum...", "topic": 17, "created_at": "2018-07-04T11:33:39.715Z", "updated_at": null, "created_by": 1, "updated_by": null}}, {"model": "boards.post", "pk": 20, "fields": {"message": "Lorem ipsum...", "topic": 18, "created_at": "2018-07-04T11:33:39.761Z", "updated_at": null, "created_by": 1, "updated_by": null}}, {"model": "boards.post", "pk": 21, "fields": {"message": "Lorem ipsum...", "topic": 19, "created_at": "2018-07-04T11:33:39.807Z", "updated_at": null, "created_by": 1, "updated_by": null}}, {"model": "boards.post", "pk": 22, "fields": {"message": "Lorem ipsum...", "topic": 20, "created_at": "2018-07-04T11:33:39.854Z", "updated_at": null, "created_by": 1, "updated_by": null}}, {"model": "boards.post", "pk": 23, "fields": {"message": "Lorem ipsum...", "topic": 21, "created_at": "2018-07-04T11:33:39.900Z", "updated_at": null, "created_by": 1, "updated_by": null}}, {"model": "boards.post", "pk": 24, "fields": {"message": "Lorem ipsum...", "topic": 22, "created_at": "2018-07-04T11:33:39.946Z", "updated_at": null, "created_by": 1, "updated_by": null}}, {"model": "boards.post", "pk": 25, "fields": {"message": "Lorem ipsum...", "topic": 23, "created_at": "2018-07-04T11:33:39.992Z", "updated_at": null, "created_by": 1, "updated_by": null}}, {"model": "boards.post", "pk": 26, "fields": {"message": "Lorem ipsum...", "topic": 24, "created_at": "2018-07-04T11:33:40.039Z", "updated_at": null, "created_by": 1, "updated_by": null}}, {"model": "boards.post", "pk": 27, "fields": {"message": "Lorem ipsum...", "topic": 25, "created_at": "2018-07-04T11:33:40.087Z", "updated_at": null, "created_by": 1, "updated_by": null}}, {"model": "boards.post", "pk": 28, "fields": {"message": "Lorem ipsum...", "topic": 26, "created_at": "2018-07-04T11:33:40.133Z", "updated_at": null, "created_by": 1, "updated_by": null}}, {"model": "boards.post", "pk": 29, "fields": {"message": "Lorem ipsum...", "topic": 27, "created_at": "2018-07-04T11:33:40.179Z", "updated_at": null, "created_by": 1, "updated_by": null}}, {"model": "boards.post", "pk": 30, "fields": {"message": "Lorem ipsum...", "topic": 28, "created_at": "2018-07-04T11:33:40.229Z", "updated_at": null, "created_by": 1, "updated_by": null}}, {"model": "boards.post", "pk": 31, "fields": {"message": "Lorem ipsum...", "topic": 29, "created_at": "2018-07-04T11:33:40.275Z", "updated_at": null, "created_by": 1, "updated_by": null}}, {"model": "boards.post", "pk": 32, "fields": {"message": "Lorem ipsum...", "topic": 30, "created_at": "2018-07-04T11:33:40.327Z", "updated_at": null, "created_by": 1, "updated_by": null}}, {"model": "boards.post", "pk": 33, "fields": {"message": "Lorem ipsum...", "topic": 31, "created_at": "2018-07-04T11:33:40.374Z", "updated_at": null, "created_by": 1, "updated_by": null}}, {"model": "boards.post", "pk": 34, "fields": {"message": "Lorem ipsum...", "topic": 32, "created_at": "2018-07-04T11:33:40.419Z", "updated_at": null, "created_by": 1, "updated_by": null}}, {"model": "boards.post", "pk": 35, "fields": {"message": "Lorem ipsum...", "topic": 33, "created_at": "2018-07-04T11:33:40.466Z", "updated_at": null, "created_by": 1, "updated_by": null}}, {"model": "boards.post", "pk": 36, "fields": {"message": "Lorem ipsum...", "topic": 34, "created_at": "2018-07-04T11:33:40.513Z", "updated_at": null, "created_by": 1, "updated_by": null}}, {"model": "boards.post", "pk": 37, "fields": {"message": "Lorem ipsum...", "topic": 35, "created_at": "2018-07-04T11:33:40.561Z", "updated_at": null, "created_by": 1, "updated_by": null}}, {"model": "boards.post", "pk": 38, "fields": {"message": "Lorem ipsum...", "topic": 36, "created_at": "2018-07-04T11:33:40.607Z", "updated_at": null, "created_by": 1, "updated_by": null}}, {"model": "boards.post", "pk": 39, "fields": {"message": "Lorem ipsum...", "topic": 37, "created_at": "2018-07-04T11:33:40.653Z", "updated_at": null, "created_by": 1, "updated_by": null}}, {"model": "boards.post", "pk": 40, "fields": {"message": "Lorem ipsum...", "topic": 38, "created_at": "2018-07-04T11:33:40.702Z", "updated_at": null, "created_by": 1, "updated_by": null}}, {"model": "boards.post", "pk": 41, "fields": {"message": "Lorem ipsum...", "topic": 39, "created_at": "2018-07-04T11:33:40.749Z", "updated_at": null, "created_by": 1, "updated_by": null}}, {"model": "boards.post", "pk": 42, "fields": {"message": "Lorem ipsum...", "topic": 40, "created_at": "2018-07-04T11:33:40.794Z", "updated_at": null, "created_by": 1, "updated_by": null}}, {"model": "boards.post", "pk": 43, "fields": {"message": "Lorem ipsum...", "topic": 41, "created_at": "2018-07-04T11:33:40.840Z", "updated_at": null, "created_by": 1, "updated_by": null}}, {"model": "boards.post", "pk": 44, "fields": {"message": "Lorem ipsum...", "topic": 42, "created_at": "2018-07-04T11:33:40.887Z", "updated_at": null, "created_by": 1, "updated_by": null}}, {"model": "boards.post", "pk": 45, "fields": {"message": "Lorem ipsum...", "topic": 43, "created_at": "2018-07-04T11:33:40.935Z", "updated_at": null, "created_by": 1, "updated_by": null}}, {"model": "boards.post", "pk": 46, "fields": {"message": "Lorem ipsum...", "topic": 44, "created_at": "2018-07-04T11:33:40.983Z", "updated_at": null, "created_by": 1, "updated_by": null}}, {"model": "boards.post", "pk": 47, "fields": {"message": "Lorem ipsum...", "topic": 45, "created_at": "2018-07-04T11:33:41.029Z", "updated_at": null, "created_by": 1, "updated_by": null}}, {"model": "boards.post", "pk": 48, "fields": {"message": "Lorem ipsum...", "topic": 46, "created_at": "2018-07-04T11:33:41.075Z", "updated_at": null, "created_by": 1, "updated_by": null}}, {"model": "boards.post", "pk": 49, "fields": {"message": "Lorem ipsum...", "topic": 47, "created_at": "2018-07-04T11:33:41.122Z", "updated_at": null, "created_by": 1, "updated_by": null}}, {"model": "boards.post", "pk": 50, "fields": {"message": "Lorem ipsum...", "topic": 48, "created_at": "2018-07-04T11:33:41.169Z", "updated_at": null, "created_by": 1, "updated_by": null}}, {"model": "boards.post", "pk": 51, "fields": {"message": "Lorem ipsum...", "topic": 49, "created_at": "2018-07-04T11:33:41.218Z", "updated_at": null, "created_by": 1, "updated_by": null}}, {"model": "boards.post", "pk": 52, "fields": {"message": "Lorem ipsum...", "topic": 50, "created_at": "2018-07-04T11:33:41.265Z", "updated_at": null, "created_by": 1, "updated_by": null}}, {"model": "boards.post", "pk": 53, "fields": {"message": "Lorem ipsum...", "topic": 51, "created_at": "2018-07-04T11:33:41.311Z", "updated_at": null, "created_by": 1, "updated_by": null}}, {"model": "boards.post", "pk": 54, "fields": {"message": "Lorem ipsum...", "topic": 52, "created_at": "2018-07-04T11:33:41.360Z", "updated_at": null, "created_by": 1, "updated_by": null}}, {"model": "boards.post", "pk": 55, "fields": {"message": "Lorem ipsum...", "topic": 53, "created_at": "2018-07-04T11:33:41.409Z", "updated_at": null, "created_by": 1, "updated_by": null}}, {"model": "boards.post", "pk": 56, "fields": {"message": "Lorem ipsum...", "topic": 54, "created_at": "2018-07-04T11:33:41.459Z", "updated_at": null, "created_by": 1, "updated_by": null}}, {"model": "boards.post", "pk": 57, "fields": {"message": "Lorem ipsum...", "topic": 55, "created_at": "2018-07-04T11:33:41.509Z", "updated_at": null, "created_by": 1, "updated_by": null}}, {"model": "boards.post", "pk": 58, "fields": {"message": "Lorem ipsum...", "topic": 56, "created_at": "2018-07-04T11:33:41.554Z", "updated_at": null, "created_by": 1, "updated_by": null}}, {"model": "boards.post", "pk": 59, "fields": {"message": "Lorem ipsum...", "topic": 57, "created_at": "2018-07-04T11:33:41.601Z", "updated_at": null, "created_by": 1, "updated_by": null}}, {"model": "boards.post", "pk": 60, "fields": {"message": "Lorem ipsum...", "topic": 58, "created_at": "2018-07-04T11:33:41.647Z", "updated_at": null, "created_by": 1, "updated_by": null}}, {"model": "boards.post", "pk": 61, "fields": {"message": "Lorem ipsum...", "topic": 59, "created_at": "2018-07-04T11:33:41.693Z", "updated_at": null, "created_by": 1, "updated_by": null}}, {"model": "boards.post", "pk": 62, "fields": {"message": "Lorem ipsum...", "topic": 60, "created_at": "2018-07-04T11:33:41.740Z", "updated_at": null, "created_by": 1, "updated_by": null}}, {"model": "boards.post", "pk": 63, "fields": {"message": "Lorem ipsum...", "topic": 61, "created_at": "2018-07-04T11:33:41.786Z", "updated_at": null, "created_by": 1, "updated_by": null}}, {"model": "boards.post", "pk": 64, "fields": {"message": "Lorem ipsum...", "topic": 62, "created_at": "2018-07-04T11:33:41.833Z", "updated_at": null, "created_by": 1, "updated_by": null}}, {"model": "boards.post", "pk": 65, "fields": {"message": "Lorem ipsum...", "topic": 63, "created_at": "2018-07-04T11:33:41.879Z", "updated_at": null, "created_by": 1, "updated_by": null}}, {"model": "boards.post", "pk": 66, "fields": {"message": "Lorem ipsum...", "topic": 64, "created_at": "2018-07-04T11:33:41.924Z", "updated_at": null, "created_by": 1, "updated_by": null}}, {"model": "boards.post", "pk": 67, "fields": {"message": "Lorem ipsum...", "topic": 65, "created_at": "2018-07-04T11:33:41.970Z", "updated_at": null, "created_by": 1, "updated_by": null}}, {"model": "boards.post", "pk": 68, "fields": {"message": "Lorem ipsum...", "topic": 66, "created_at": "2018-07-04T11:33:42.016Z", "updated_at": null, "created_by": 1, "updated_by": null}}, {"model": "boards.post", "pk": 69, "fields": {"message": "Lorem ipsum...", "topic": 67, "created_at": "2018-07-04T11:33:42.064Z", "updated_at": null, "created_by": 1, "updated_by": null}}, {"model": "boards.post", "pk": 70, "fields": {"message": "Lorem ipsum...", "topic": 68, "created_at": "2018-07-04T11:33:42.111Z", "updated_at": null, "created_by": 1, "updated_by": null}}, {"model": "boards.post", "pk": 71, "fields": {"message": "Lorem ipsum...", "topic": 69, "created_at": "2018-07-04T11:33:42.158Z", "updated_at": null, "created_by": 1, "updated_by": null}}, {"model": "boards.post", "pk": 72, "fields": {"message": "Lorem ipsum...", "topic": 70, "created_at": "2018-07-04T11:33:42.204Z", "updated_at": null, "created_by": 1, "updated_by": null}}, {"model": "boards.post", "pk": 73, "fields": {"message": "Lorem ipsum...", "topic": 71, "created_at": "2018-07-04T11:33:42.250Z", "updated_at": null, "created_by": 1, "updated_by": null}}, {"model": "boards.post", "pk": 74, "fields": {"message": "Lorem ipsum...", "topic": 72, "created_at": "2018-07-04T11:33:42.318Z", "updated_at": null, "created_by": 1, "updated_by": null}}, {"model": "boards.post", "pk": 75, "fields": {"message": "Lorem ipsum...", "topic": 73, "created_at": "2018-07-04T11:33:42.365Z", "updated_at": null, "created_by": 1, "updated_by": null}}, {"model": "boards.post", "pk": 76, "fields": {"message": "Lorem ipsum...", "topic": 74, "created_at": "2018-07-04T11:33:42.411Z", "updated_at": null, "created_by": 1, "updated_by": null}}, {"model": "boards.post", "pk": 77, "fields": {"message": "Lorem ipsum...", "topic": 75, "created_at": "2018-07-04T11:33:42.457Z", "updated_at": null, "created_by": 1, "updated_by": null}}, {"model": "boards.post", "pk": 78, "fields": {"message": "Lorem ipsum...", "topic": 76, "created_at": "2018-07-04T11:33:42.502Z", "updated_at": null, "created_by": 1, "updated_by": null}}, {"model": "boards.post", "pk": 79, "fields": {"message": "Lorem ipsum...", "topic": 77, "created_at": "2018-07-04T11:33:42.561Z", "updated_at": null, "created_by": 1, "updated_by": null}}, {"model": "boards.post", "pk": 80, "fields": {"message": "Lorem ipsum...", "topic": 78, "created_at": "2018-07-04T11:33:42.608Z", "updated_at": null, "created_by": 1, "updated_by": null}}, {"model": "boards.post", "pk": 81, "fields": {"message": "Lorem ipsum...", "topic": 79, "created_at": "2018-07-04T11:33:42.654Z", "updated_at": null, "created_by": 1, "updated_by": null}}, {"model": "boards.post", "pk": 82, "fields": {"message": "Lorem ipsum...", "topic": 80, "created_at": "2018-07-04T11:33:42.700Z", "updated_at": null, "created_by": 1, "updated_by": null}}, {"model": "boards.post", "pk": 83, "fields": {"message": "Lorem ipsum...", "topic": 81, "created_at": "2018-07-04T11:33:42.742Z", "updated_at": null, "created_by": 1, "updated_by": null}}, {"model": "boards.post", "pk": 84, "fields": {"message": "Lorem ipsum...", "topic": 82, "created_at": "2018-07-04T11:33:42.785Z", "updated_at": null, "created_by": 1, "updated_by": null}}, {"model": "boards.post", "pk": 85, "fields": {"message": "Lorem ipsum...", "topic": 83, "created_at": "2018-07-04T11:33:42.828Z", "updated_at": null, "created_by": 1, "updated_by": null}}, {"model": "boards.post", "pk": 86, "fields": {"message": "Lorem ipsum...", "topic": 84, "created_at": "2018-07-04T11:33:42.871Z", "updated_at": null, "created_by": 1, "updated_by": null}}, {"model": "boards.post", "pk": 87, "fields": {"message": "Lorem ipsum...", "topic": 85, "created_at": "2018-07-04T11:33:42.925Z", "updated_at": null, "created_by": 1, "updated_by": null}}, {"model": "boards.post", "pk": 88, "fields": {"message": "Lorem ipsum...", "topic": 86, "created_at": "2018-07-04T11:33:42.970Z", "updated_at": null, "created_by": 1, "updated_by": null}}, {"model": "boards.post", "pk": 89, "fields": {"message": "Lorem ipsum...", "topic": 87, "created_at": "2018-07-04T11:33:43.012Z", "updated_at": null, "created_by": 1, "updated_by": null}}, {"model": "boards.post", "pk": 90, "fields": {"message": "Lorem ipsum...", "topic": 88, "created_at": "2018-07-04T11:33:43.059Z", "updated_at": null, "created_by": 1, "updated_by": null}}, {"model": "boards.post", "pk": 91, "fields": {"message": "Lorem ipsum...", "topic": 89, "created_at": "2018-07-04T11:33:43.104Z", "updated_at": null, "created_by": 1, "updated_by": null}}, {"model": "boards.post", "pk": 92, "fields": {"message": "Lorem ipsum...", "topic": 90, "created_at": "2018-07-04T11:33:43.150Z", "updated_at": null, "created_by": 1, "updated_by": null}}, {"model": "boards.post", "pk": 93, "fields": {"message": "Lorem ipsum...", "topic": 91, "created_at": "2018-07-04T11:33:43.195Z", "updated_at": null, "created_by": 1, "updated_by": null}}, {"model": "boards.post", "pk": 94, "fields": {"message": "Lorem ipsum...", "topic": 92, "created_at": "2018-07-04T11:33:43.242Z", "updated_at": null, "created_by": 1, "updated_by": null}}, {"model": "boards.post", "pk": 95, "fields": {"message": "Lorem ipsum...", "topic": 93, "created_at": "2018-07-04T11:33:43.292Z", "updated_at": null, "created_by": 1, "updated_by": null}}, {"model": "boards.post", "pk": 96, "fields": {"message": "Lorem ipsum...", "topic": 94, "created_at": "2018-07-04T11:33:43.334Z", "updated_at": null, "created_by": 1, "updated_by": null}}, {"model": "boards.post", "pk": 97, "fields": {"message": "Lorem ipsum...", "topic": 95, "created_at": "2018-07-04T11:33:43.379Z", "updated_at": null, "created_by": 1, "updated_by": null}}, {"model": "boards.post", "pk": 98, "fields": {"message": "Lorem ipsum...", "topic": 96, "created_at": "2018-07-04T11:33:43.425Z", "updated_at": null, "created_by": 1, "updated_by": null}}, {"model": "boards.post", "pk": 99, "fields": {"message": "Lorem ipsum...", "topic": 97, "created_at": "2018-07-04T11:33:43.473Z", "updated_at": null, "created_by": 1, "updated_by": null}}, {"model": "boards.post", "pk": 100, "fields": {"message": "Lorem ipsum...", "topic": 98, "created_at": "2018-07-04T11:33:43.555Z", "updated_at": null, "created_by": 1, "updated_by": null}}, {"model": "boards.post", "pk": 101, "fields": {"message": "Lorem ipsum...", "topic": 99, "created_at": "2018-07-04T11:33:43.604Z", "updated_at": null, "created_by": 1, "updated_by": null}}, {"model": "boards.post", "pk": 102, "fields": {"message": "Lorem ipsum...", "topic": 100, "created_at": "2018-07-04T11:33:43.653Z", "updated_at": null, "created_by": 1, "updated_by": null}}, {"model": "boards.post", "pk": 103, "fields": {"message": "Lorem ipsum...", "topic": 101, "created_at": "2018-07-04T11:33:43.702Z", "updated_at": null, "created_by": 1, "updated_by": null}}, {"model": "boards.post", "pk": 104, "fields": {"message": "Lorem ipsum...", "topic": 102, "created_at": "2018-07-04T11:33:43.748Z", "updated_at": null, "created_by": 1, "updated_by": null}}, {"model": "boards.post", "pk": 105, "fields": {"message": "Lorem ipsum...", "topic": 103, "created_at": "2018-07-04T11:33:43.797Z", "updated_at": null, "created_by": 1, "updated_by": null}}, {"model": "boards.post", "pk": 106, "fields": {"message": "Lorem ipsum...", "topic": 104, "created_at": "2018-07-04T11:33:43.843Z", "updated_at": null, "created_by": 1, "updated_by": null}}, {"model": "boards.post", "pk": 107, "fields": {"message": "Lorem ipsum...", "topic": 105, "created_at": "2018-07-04T11:33:43.892Z", "updated_at": null, "created_by": 1, "updated_by": null}}, {"model": "boards.post", "pk": 108, "fields": {"message": "sdf", "topic": 105, "created_at": "2018-07-04T12:49:07.570Z", "updated_at": null, "created_by": 3, "updated_by": null}}, {"model": "boards.post", "pk": 109, "fields": {"message": "sdf", "topic": 105, "created_at": "2018-07-04T12:49:11.083Z", "updated_at": null, "created_by": 3, "updated_by": null}}, {"model": "boards.post", "pk": 110, "fields": {"message": "sdfsdsd", "topic": 2, "created_at": "2018-07-04T12:50:24.961Z", "updated_at": null, "created_by": 3, "updated_by": null}}, {"model": "boards.post", "pk": 111, "fields": {"message": "# HEHEHE", "topic": 105, "created_at": "2018-07-04T13:25:52.843Z", "updated_at": null, "created_by": 3, "updated_by": null}}, {"model": "boards.post", "pk": 112, "fields": {"message": "dfghjk", "topic": 105, "created_at": "2018-07-04T13:36:18.893Z", "updated_at": null, "created_by": 3, "updated_by": null}}, {"model": "boards.post", "pk": 113, "fields": {"message": "sdffsdf", "topic": 105, "created_at": "2018-07-04T14:00:08.147Z", "updated_at": null, "created_by": 3, "updated_by": null}}, {"model": "boards.post", "pk": 114, "fields": {"message": "#HEHEHEHEHEHHEEHEH\r\n#AXAXAXAXXAX\r\n#HEHEHEHEEHEHEHEHEHEHHEEHEHHEHEHEHEEHHE", "topic": 105, "created_at": "2018-07-04T14:00:20.509Z", "updated_at": "2018-07-04T14:22:38.428Z", "created_by": 3, "updated_by": 3}}, {"model": "boards.post", "pk": 115, "fields": {"message": "#HEHEHEHEHEHHHEEHHEHEH", "topic": 104, "created_at": "2018-07-04T14:33:52.552Z", "updated_at": "2018-07-04T14:34:05.327Z", "created_by": 3, "updated_by": 3}}, {"model": "boards.post", "pk": 116, "fields": {"message": "dfgdfg", "topic": 105, "created_at": "2018-07-04T14:57:58.544Z", "updated_at": null, "created_by": 3, "updated_by": null}}, {"model": "boards.post", "pk": 117, "fields": {"message": "dgg", "topic": 105, "created_at": "2018-07-04T14:58:01.866Z", "updated_at": null, "created_by": 3, "updated_by": null}}, {"model": "boards.post", "pk": 118, "fields": {"message": "dggdfg", "topic": 105, "created_at": "2018-07-04T14:58:04.936Z", "updated_at": null, "created_by": 3, "updated_by": null}}, {"model": "boards.post", "pk": 119, "fields": {"message": "dgdfggdfg", "topic": 105, "created_at": "2018-07-04T14:58:08.112Z", "updated_at": null, "created_by": 3, "updated_by": null}}, {"model": "boards.post", "pk": 120, "fields": {"message": "dgdffgdfgdfgdg", "topic": 105, "created_at": "2018-07-04T14:58:17.173Z", "updated_at": null, "created_by": 3, "updated_by": null}}, {"model": "boards.post", "pk": 121, "fields": {"message": "#HEHEHEHEHE", "topic": 105, "created_at": "2018-07-04T14:58:31.761Z", "updated_at": null, "created_by": 3, "updated_by": null}}, {"model": "boards.post", "pk": 122, "fields": {"message": "#HEHEHEHEHE", "topic": 105, "created_at": "2018-07-04T14:58:35.408Z", "updated_at": null, "created_by": 3, "updated_by": null}}, {"model": "boards.post", "pk": 123, "fields": {"message": "#HEHEHEHEHE", "topic": 105, "created_at": "2018-07-04T14:58:38.131Z", "updated_at": null, "created_by": 3, "updated_by": null}}, {"model": "boards.post", "pk": 124, "fields": {"message": "#HEHEHEHEHE", "topic": 105, "created_at": "2018-07-04T14:58:40.557Z", "updated_at": null, "created_by": 3, "updated_by": null}}, {"model": "boards.post", "pk": 125, "fields": {"message": "#HEHEHEHEHE", "topic": 105, "created_at": "2018-07-04T14:58:43.120Z", "updated_at": null, "created_by": 3, "updated_by": null}}, {"model": "boards.post", "pk": 126, "fields": {"message": "# **HEHEHEHE**", "topic": 105, "created_at": "2018-07-05T09:06:04.995Z", "updated_at": "2018-07-05T09:06:33.312Z", "created_by": 3, "updated_by": 3}}, {"model": "admin.logentry", "pk": 1, "fields": {"action_time": "2018-07-02T10:19:48.475Z", "user": 1, "content_type": 7, "object_id": "3", "object_repr": "Random", "action_flag": 1, "change_message": "[{\"added\": {}}]"}}]